{
  "intercepts": 32292.057479809737,
  "slopes": [
    -109.48010285449709,
    2122.3368972174285
  ]
}